sample_no,set_name,sample_id
135,test,74b1a382-f103-4a94-8800-8f5dd4ad5303-39580
251,test,f56c8a9c-b665-4edf-ab7b-6d2747188f29-99662
386,test,ebcf708d-c8b1-44fe-8854-4d92bda5b066-79837
387,test,d011f8a1-60b7-4de9-964f-5b9cdb3e1755-118711
773,test,47feeda2-4b6e-40ef-8dad-7294337dbd08-28726
904,test,ad6669e8-b43d-42ec-9885-7a4d6a3f48d0-15152
934,test,e83b5580-cda8-4c84-a483-346bacfc4c31-47307
1036,test,c1508924-b22e-43c3-8275-b00a6dca9a06-5292
1812,test,25535ba8-ef2a-4484-b4a3-eabe3b94cf0e-49713
2988,test,1dd23079-f4ed-4c00-b535-10b93014fd53-98291